color,title,score,num_comments,created_date,polarity,subjectivity,sentiment
black,"This are the black items i got for the gym on the aloversary! The mini bags are really cute,im in love 🥰🖤(i did a mini video so you can see how they look)",1,0,2025-05-09 01:31:19,0.164,0.411,positive
black,Airbrush High waist heart throb leggings x Aspire Tank x Airlift Headband,1,0,2025-05-07 19:43:56,0.16,0.54,positive
black,I've spent so much and my app still says I have 1 VIP point - how long does it take?,1,0,2025-05-07 16:10:05,0.017,0.233,neutral
black,Airbrush leggings,1,0,2025-05-03 01:43:16,0.0,0.0,neutral
black,Aloversary Sale - Alo Cap,1,0,2025-05-01 20:50:58,0.0,0.0,neutral
black,Guess what? Is not orchid purple.,1,0,2025-04-30 20:54:31,0.0,0.0,neutral
black,Which black/white contrast set?,1,0,2025-04-30 12:02:12,0.0,0.0,neutral
black,Airlift Charger Bra Crystal Clear Blue,1,0,2025-04-30 02:48:35,0.05,0.242,neutral
black,Tennis club dress size difference,1,0,2025-04-29 20:57:02,0.0,0.0,neutral
black,"I have this top in 3 colors, ivory, grey and black, I absolutely love it. Does anyone know if they have ever made it in other colors ? This top with the megastar cargos 10/10 amazing lol.",1,0,2025-04-29 13:53:35,0.32,0.514,positive
black,Help me choose an accolade set,2,3,2025-04-28 03:46:21,0.0,0.0,neutral
black,Alo sale,1,0,2025-04-27 07:44:05,0.0,0.0,neutral
black,postpartum sale haul 😊,1,0,2025-04-26 17:42:36,0.0,0.0,neutral
black,"Huge haul, try-ons and detailed reviews!- addicted to heartthrob &amp; crystal clear blue",52,6,2025-04-25 17:18:13,0.12,0.547,positive
black,I was warned....,134,65,2025-04-22 18:17:37,0.0,0.0,neutral
black,Tennis dress or set up?,1,0,2025-04-19 19:42:18,0.0,0.0,neutral
black,Daylight vs Dreamscape Long sleeve shirts,1,0,2025-04-17 18:47:46,-0.05,0.4,neutral
black,Does Alo clothing stretch out?,4,4,2025-04-15 19:50:23,0.0,0.0,neutral
black,Airbrush suit up set or airlift heart throb set?,1,0,2025-04-14 06:38:39,0.0,0.0,neutral
black,Got this off of DHGate. What do you guys think?,1,0,2025-04-10 20:41:11,0.0,0.0,neutral
black,Airlift Charger sets now up on the website,1,0,2025-04-10 03:14:40,0.0,0.0,neutral
black,Airlift Charger Sets now on the site,1,0,2025-04-10 03:13:04,0.0,0.0,neutral
black,Haul/ Should i return the accolade set?,1,0,2025-04-09 20:25:24,0.0,0.0,neutral
black,Anyone know of a good solid grey airlift?,1,0,2025-04-09 01:44:32,0.217,0.267,positive
black,show me your Showcase zip dress in black,1,0,2025-04-07 21:32:47,-0.167,0.433,negative
black,show me your Showcase zip dress in black,1,0,2025-04-07 21:32:47,-0.167,0.433,negative
black,ALO workers - when’s the next wardrobe??,3,1,2025-04-01 20:01:05,0.0,0.0,neutral
black,Airlift short 3” sizing,1,0,2025-03-30 01:59:48,0.0,0.3,neutral
black,Sweet Pink Accolade Shorts Restocked!,1,0,2025-03-23 15:59:13,0.112,0.475,positive
black,Seamless chosen tank,1,0,2025-03-22 17:01:53,0.1,0.1,positive
black,Black Alo Hat?,1,0,2025-03-16 20:23:29,-0.167,0.433,negative
black,Black Alo Hat?,2,3,2025-03-16 20:23:29,-0.167,0.433,negative
black,Accolade skirt 🩶,1,0,2025-03-14 17:45:47,0.0,0.0,neutral
black,Alo cap,1,0,2025-03-13 18:27:01,0.0,0.0,neutral
black,I need advice!! Alo top stain,1,0,2025-03-08 21:46:30,0.5,0.5,positive
black,New All Access Rewards,1,0,2025-03-04 01:43:26,0.136,0.455,positive
black,Garbage sweat pants,1,0,2025-02-28 06:18:41,0.0,0.0,neutral
black,Airlift leggings - diff colors diff fits?,0,0,2025-02-25 18:44:29,0.0,0.0,neutral
black,Aloversary,1,0,2025-02-25 15:00:59,0.0,0.0,neutral
black,Cropped All Day Short Sleeve,1,0,2025-02-24 19:45:33,0.0,0.3,neutral
black,Disappointed after visiting stationary store,1,0,2025-02-24 17:05:58,-0.75,0.75,negative
black,"Alo yoga air lift line up leggings, my first time purchase",1,0,2025-02-24 01:41:05,0.25,0.333,positive
black,Airlift high waist sleek,1,0,2025-02-23 10:04:17,0.16,0.54,positive
black,Alo yoga gym bag,1,0,2025-02-19 21:24:22,0.0,0.0,neutral
black,Alo yoga staff rude,1,0,2025-02-19 00:43:30,-0.3,0.6,negative
black,employee wardrobe,0,0,2025-02-18 17:37:33,0.0,0.0,neutral
black,Marl,1,0,2025-02-15 21:37:58,0.0,0.0,neutral
black,Airlift sleek bra tank,1,0,2025-02-15 01:50:43,0.0,0.0,neutral
black,No more lip balm in Canada?,1,0,2025-02-09 15:27:31,-0.25,0.5,negative
black,Alo - help is this real?,1,0,2025-02-09 03:26:37,0.2,0.3,positive
black,Alo - help is this real?,1,0,2025-02-09 03:26:16,0.2,0.3,positive
black,Airlift set-cant pick color!,1,0,2025-02-07 18:07:27,0.0,0.0,neutral
black,What to buy first timer at Alo Yoga with $275 gift card. That’s always on trends and don’t know what to buy,1,0,2025-02-06 16:00:07,0.25,0.333,positive
black,Alo yoga worth it ?,1,0,2025-02-03 18:17:37,0.3,0.1,positive
black,Items that not longer exist?,1,0,2025-02-02 18:12:06,0.0,0.0,neutral
black,My favorite Charcoal Green item and also my favorite Airlift 7/8 Line-up Legging color release because the contrast of the black detailing on charcoal green really makes the green undertone pop,1,0,2025-02-01 17:23:52,0.062,0.505,positive
black,Looking for the perfect black bra,1,0,2025-02-01 04:13:52,0.417,0.717,positive
black,Looking for the perfect black bra,5,1,2025-02-01 04:13:52,0.417,0.717,positive
black,Looking for this Alo Atelier Courchevel Cashmere Zip Up Sweater Jacket,1,0,2025-01-31 12:51:16,0.0,0.0,neutral
black,Alo Atelier Courchevel Cashmere Zip Up Sweater,1,0,2025-01-31 12:47:55,0.0,0.0,neutral
black,Sweet pink accolade so thin,1,0,2025-01-30 00:29:29,-0.05,0.6,negative
black,How is the quality so bad??,1,0,2025-01-28 17:26:14,-0.7,0.667,negative
black,alo sweatshirt,1,0,2025-01-28 03:23:16,0.0,0.0,neutral
black,Sweet Pink Try on💕,1,0,2025-01-22 20:32:01,0.125,0.475,positive
black,Has anyone able to find suit up trousers in store somewhere? ,1,0,2025-01-20 17:52:11,0.5,0.625,positive
black,Sweet pink late review ,1,0,2025-01-17 21:18:19,-0.017,0.517,neutral
black,Is Alo going through bankruptcy? No customer service for over a month and unpaid refunds,1,0,2025-01-17 13:16:08,0.2,0.4,positive
black,Hasn’t My Wallet Suffered Enough!!,1,0,2025-01-16 10:20:00,0.0,0.5,neutral
black,Accolade,1,0,2025-01-11 22:43:42,0.0,0.0,neutral
black,BOYCOTT ALO YOGA?,1,0,2025-01-11 12:37:18,0.0,0.0,neutral
black,BOYCOTT ALO YOGA?,1,0,2025-01-11 12:18:31,0.0,0.0,neutral
black,ACCOLADE SHORT IN BLACK 🖤,1,0,2025-01-09 17:53:56,-0.083,0.367,negative
black,Restock scholar crew?,8,0,2025-01-08 23:22:53,0.0,0.0,neutral
black,Quality - going in store ?,1,0,2025-01-03 18:28:59,0.0,0.0,neutral
black,Stunner sunglasses ,1,0,2025-01-02 20:29:34,0.0,0.0,neutral
black,Is it just me or do the sway boot cut pants give the worst camel toe ever,1,0,2025-01-02 01:06:07,-1.0,1.0,negative
black,Cropped accolade crew neck,1,0,2024-12-31 16:54:46,0.0,0.0,neutral
black,Visited the Honolulu store today ,1,0,2024-12-29 02:53:35,0.0,0.0,neutral
black,my mother in law gifted me the airlift suit up in full length and im only 5”2. Torn between just exchanging it for the 7/8 airlift all black or just get the suit up hemmed but im afraid that the tailor will just ruin a $138 leggings :(  what should i do? ,1,0,2024-12-25 04:21:57,-0.111,0.814,negative
black,Scholar cardigan ivory ,2,1,2024-12-24 07:45:48,0.0,0.0,neutral
black,New items!,1,0,2024-12-22 19:47:56,0.17,0.455,positive
black,30% off,0,7,2024-12-20 20:59:56,0.0,0.0,neutral
black,"I caved, Bold Red ",1,0,2024-12-19 14:02:25,0.167,0.333,positive
black,Airbrush Streamline Bra Tank ruined ,1,0,2024-12-18 19:32:16,0.0,0.0,neutral
black,Weird Return/Exchange Policy ,1,0,2024-12-18 16:23:54,-0.5,1.0,negative
black,Anthracite,1,0,2024-12-14 17:52:16,0.0,0.0,neutral
black,Why I Quit My Job At Alo Yoga (Rant),1,0,2024-12-14 16:48:35,0.0,0.0,neutral
black,Accolade 1/4 zip: torn between ordering the grey vs winter ivy. Which color is more versatile? My bottoms are mostly black and navy. ,1,0,2024-12-13 04:53:28,0.094,0.344,positive
black,Winter Ivy,1,0,2024-12-12 19:28:40,0.0,0.0,neutral
black,Alo Alternative,1,0,2024-12-12 17:43:49,0.0,0.0,neutral
black,"Another day, another black set 🖤",2,0,2024-12-12 05:23:11,-0.167,0.433,negative
black,Back in black! 🕷️,1,0,2024-12-12 01:16:09,-0.104,0.217,negative
black,Black gold rush puffer 🖤,1,0,2024-12-12 00:48:31,-0.167,0.433,negative
black,Black gold rush puffer 🖤,1,0,2024-12-12 00:48:31,-0.167,0.433,negative
black,Wool Trucker Hat ,1,0,2024-12-12 00:22:23,0.0,0.0,neutral
black,Gold rush puffer black🖤,1,0,2024-12-12 00:21:12,0.0,0.0,neutral
black,Gold rush puffer black🖤,0,0,2024-12-12 00:21:12,0.0,0.0,neutral
black,Anyone have any discount codes??,1,0,2024-12-11 17:38:03,0.0,0.0,neutral
black,bold red haul ❤️♥️🎅🏻🤍,1,0,2024-12-11 16:00:31,0.167,0.333,positive
black,Ordered package to wrong address. Any hope of receiving replacement?,1,0,2024-12-11 12:29:12,-0.5,0.9,negative
white,Airbrush High waist heart throb leggings x Aspire Tank x Airlift Headband,1,0,2025-05-07 19:43:56,0.16,0.54,positive
white,Alo set?,1,0,2025-05-03 14:31:01,0.0,0.0,neutral
white,Alo Sneakers Worth??,1,0,2025-05-01 19:10:33,0.3,0.1,positive
white,Guess what? Is not orchid purple.,1,0,2025-04-30 20:54:31,0.0,0.0,neutral
white,Alo anniversary sale haul,1,0,2025-04-30 14:37:34,0.0,0.0,neutral
white,Which black/white contrast set?,1,0,2025-04-30 12:02:12,0.0,0.0,neutral
white,Tennis club dress size difference,1,0,2025-04-29 20:57:02,0.0,0.0,neutral
white,Help with size,1,0,2025-04-28 23:04:21,0.0,0.0,neutral
white,postpartum sale haul 😊,1,0,2025-04-26 17:42:36,0.0,0.0,neutral
white,Lemon ice 🍋 matching shorts from 🎯,77,22,2025-04-23 16:34:17,0.0,0.0,neutral
white,Daylight vs Dreamscape Long sleeve shirts,1,0,2025-04-17 18:47:46,-0.05,0.4,neutral
white,White Aspire tank,1,0,2025-04-17 11:55:52,0.0,0.0,neutral
white,Does Alo clothing stretch out?,4,4,2025-04-15 19:50:23,0.0,0.0,neutral
white,Color Seems Off,1,0,2025-04-15 04:30:07,0.0,0.0,neutral
white,Airlift Charger sets now up on the website,1,0,2025-04-10 03:14:40,0.0,0.0,neutral
white,Airlift Charger Sets now on the site,1,0,2025-04-10 03:13:04,0.0,0.0,neutral
white,White Alo Hat,1,0,2025-04-09 18:37:42,0.0,0.0,neutral
white,White Alo Hat,2,0,2025-04-09 18:37:42,0.0,0.0,neutral
white,My airlift visors,1,0,2025-03-25 23:23:39,0.0,0.0,neutral
white,Smoky Quartz Early Access Links,1,0,2025-03-21 01:07:10,0.1,0.3,positive
white,White heather crew socks,1,0,2025-03-18 20:48:09,0.0,0.0,neutral
white,An update to my post . A warning to others SUPER FAKE,1,0,2025-03-16 17:34:56,-0.083,0.833,negative
white,First alo purchase in,1,0,2025-03-15 23:31:47,0.25,0.333,positive
white,Alo cap,1,0,2025-03-13 18:27:01,0.0,0.0,neutral
white,Dry shampoo,1,0,2025-03-13 17:49:04,-0.067,0.6,negative
white,Did I buy a super fake,0,12,2025-03-13 16:31:11,-0.083,0.833,negative
white,Grey sky wash ( unexpect buying),37,24,2025-03-12 20:15:27,-0.05,0.1,neutral
white,New White Heather Release - Half Crew Socks Early Release Link,1,0,2025-03-08 17:39:20,0.017,0.23,neutral
white,Warm butter links! 💛💛,42,34,2025-03-06 18:13:18,0.75,0.6,positive
white,Alo Runner — no it’s not that simple,1,0,2025-03-02 06:37:48,0.0,0.357,neutral
white,Athletic Heather Grey &amp; White Heather🩶🤍,1,0,2025-02-26 21:17:48,-0.025,0.05,neutral
white,Spruce green💚,1,0,2025-02-26 20:56:23,0.0,0.0,neutral
white,White heather accolade 🤍,1,0,2025-02-26 01:18:47,0.0,0.0,neutral
white,IRL video of Spruce Green &amp; White Heather💚🤍,1,0,2025-02-25 03:13:40,-0.1,0.15,negative
white,Cropped All Day Short Sleeve,1,0,2025-02-24 19:45:33,0.0,0.3,neutral
white,Disappointed after visiting stationary store,1,0,2025-02-24 17:05:58,-0.75,0.75,negative
white,Spruce green links! 💙💚,1,0,2025-02-21 21:45:45,-0.25,0.3,negative
white,Does anyone own this in white?,3,5,2025-02-21 17:37:32,0.3,0.5,positive
white,Does anyone own this in white? It's SO sheer in the bum,1,0,2025-02-21 17:36:35,0.2,0.583,positive
white,Alo yoga gym bag,1,0,2025-02-19 21:24:22,0.0,0.0,neutral
white,sweet pink fit 🩷,33,4,2025-02-09 23:49:52,0.217,0.45,positive
white,Mushroom,1,0,2025-02-08 14:21:59,0.0,0.0,neutral
white,Is this fake?,1,0,2025-02-03 03:39:22,-0.5,1.0,negative
white,Items that not longer exist?,1,0,2025-02-02 18:12:06,0.0,0.0,neutral
white,Alo Runner Shoes,1,0,2025-02-01 18:11:10,0.0,0.0,neutral
white,Heather White?,1,0,2025-01-26 22:00:54,0.0,0.0,neutral
white,Best alo purchase - Recovery mode sneakers,1,0,2025-01-20 01:53:16,1.0,0.3,positive
white,New colors! ,1,0,2025-01-19 20:23:08,0.17,0.455,positive
white,Did I get the wrong color?,1,0,2025-01-17 23:47:10,-0.5,0.9,negative
white,OMG Another Sweet Pink post ,1,0,2025-01-16 01:20:55,0.125,0.475,positive
white,Sweet pink streamlined dress available in the app!!,19,10,2025-01-15 21:33:37,0.292,0.45,positive
white,BOYCOTT ALO YOGA?,1,0,2025-01-11 12:37:18,0.0,0.0,neutral
white,BOYCOTT ALO YOGA?,1,0,2025-01-11 12:18:31,0.0,0.0,neutral
white,Sweet pink 🎀,1,1,2025-01-10 22:58:52,0.125,0.475,positive
white,Alo hoodie is ruined :(( anyway to fix it ? ,1,0,2025-01-10 04:41:05,-0.75,1.0,negative
white,Oat milk is out for early access! ,1,0,2024-12-31 17:53:12,0.125,0.3,positive
white,Visited the Honolulu store today ,1,0,2024-12-29 02:53:35,0.0,0.0,neutral
white,Alo socks real or fake ,1,0,2024-12-28 19:01:19,-0.75,1.0,negative
white,Alosoft Heart Throb ☁️,11,1,2024-12-20 21:53:27,0.0,0.0,neutral
white,A Rant: Alo Access Rewards,4,2,2024-12-18 09:39:08,0.0,0.0,neutral
white,Alo wrap up of the year ,1,0,2024-12-08 04:43:27,0.0,0.0,neutral
white,White or Black/White Recovery Mode Sneaker? ,1,1,2024-12-03 22:13:00,0.0,0.0,neutral
white,Colorblind Male | Need Pants Recs ,1,0,2024-12-03 16:35:46,0.0,0.1,neutral
white,Does the sale end Monday night or Tuesday night (Canada) also is the hat on sale?,1,0,2024-12-01 15:47:43,0.0,0.0,neutral
white,Started purchasing in June. How am I doing? ,1,0,2024-12-01 00:56:33,0.0,0.0,neutral
white,Puffer try on ,1,0,2024-11-27 20:20:30,0.0,0.0,neutral
white,I’ve been duped,1,0,2024-11-26 01:19:09,0.0,0.0,neutral
white,These are my ladies!! Aspire tank love!,48,18,2024-11-21 21:35:40,0.625,0.6,positive
white,😅 Aspire Tank Club? ,1,0,2024-11-19 06:37:45,0.0,0.0,neutral
white,beanie mistake ?,1,0,2024-11-14 19:47:19,0.0,0.0,neutral
white,UPDATE on Alosoft Finesse Tops,1,0,2024-11-13 22:26:54,0.0,0.0,neutral
white,Recovery sneaker ,1,0,2024-11-12 23:59:25,0.0,0.0,neutral
white,Is alo discontinuing the whisper cardigan series?,1,0,2024-11-07 23:05:40,0.0,0.0,neutral
white,Celestial blue links!,2,1,2024-11-01 11:06:59,0.0,0.1,neutral
white,Order didn’t go through?!,1,0,2024-10-31 17:34:51,0.0,0.0,neutral
white,how can I get rid of these crease marks on my mat?,1,0,2024-10-29 02:18:44,0.0,0.0,neutral
white,Alosoft showcase dress removed from Pre-Access sale?,1,0,2024-10-28 23:44:29,0.0,0.0,neutral
white,Alo Runner Care Instructions?,1,0,2024-10-24 11:05:35,0.0,0.0,neutral
white,White marks on Leggings ,0,23,2024-10-14 13:57:22,0.0,0.0,neutral
white,Steel Grey Links! 🩶,1,0,2024-10-03 13:23:42,-0.062,0.1,negative
white,How do you wear the ribbed stardust long sleeve?,6,4,2024-09-28 16:19:36,-0.05,0.4,neutral
white,32$ scrunchie ,5,10,2024-09-28 08:34:12,0.0,0.0,neutral
white,Any thoughts on airbrush heart throb color white?,6,17,2024-09-21 07:04:39,0.0,0.0,neutral
white,Anyone have a 15% off?,1,0,2024-09-14 20:33:42,0.0,0.0,neutral
white,Match Point Tennis Skirt?,1,0,2024-09-06 20:56:27,0.0,0.0,neutral
white,Do I Need It?,1,0,2024-08-31 20:44:53,0.0,0.0,neutral
white,Aspire tank sizing,1,0,2024-08-30 21:37:45,0.0,0.0,neutral
white,First Alo Purchase,1,0,2024-08-30 00:48:34,0.25,0.333,positive
white,Alo running preorder link,1,0,2024-08-29 16:23:24,0.0,0.0,neutral
white,I'm afraid the Accolade pieces are as bad as most people say they are ,1,0,2024-08-19 14:19:26,-0.267,0.689,negative
white,Buy Foxy or Snow Angel Jacket,1,0,2024-08-17 00:35:45,0.0,0.0,neutral
white,ASPIRE WHITE TANK RESTOCKED,1,0,2024-08-16 16:03:59,0.0,0.0,neutral
white,Cropped barre cover-up in white not coming back?,1,0,2024-08-14 07:16:46,0.0,0.0,neutral
white,Lemon Ice and Oatmeal Heather Early In-Store Haul,1,0,2024-08-12 09:08:14,0.1,0.3,positive
white,My heart throb collection!,1,0,2024-08-12 00:22:10,0.0,0.0,neutral
white,Lemon ice and oatmeal links!,1,0,2024-08-08 21:56:01,0.0,0.0,neutral
white,Alosoft center stage onesie ❤️,1,0,2024-08-05 19:29:36,-0.1,0.1,negative
white,Wearing Alo Ballet Pink socks and hat with  Lulu Vitapink cami ,1,0,2024-08-04 23:32:27,-0.1,0.3,negative
white,Freestyle skirt,1,0,2024-08-03 15:41:51,0.0,0.0,neutral
white,Ballet pink haul + review,1,0,2024-07-31 20:16:25,-0.1,0.3,negative
brown,Real or fake?,1,0,2025-04-22 02:11:36,-0.75,1.0,negative
brown,Airlift leggings - diff colors diff fits?,0,0,2025-02-25 18:44:29,0.0,0.0,neutral
brown,Is this fake? lol,1,0,2025-02-11 01:37:32,0.15,0.85,positive
brown,Airlift set-cant pick color!,1,0,2025-02-07 18:07:27,0.0,0.0,neutral
brown,Happy Sweet Pink Day ,1,0,2025-01-13 14:05:12,0.35,0.65,positive
brown,Do they not have expresso brown in the accolade sweatpant? ,1,0,2025-01-05 01:13:25,0.0,0.0,neutral
brown,Stunner sunglasses ,1,0,2025-01-02 20:29:34,0.0,0.0,neutral
brown,Received washed product,1,0,2024-12-16 13:28:47,0.0,0.0,neutral
brown,Alo wrap up of the year ,1,0,2024-12-08 04:43:27,0.0,0.0,neutral
brown,More stuff from the sale! ,1,0,2024-11-19 23:22:05,0.625,0.5,positive
brown,😅 Aspire Tank Club? ,1,0,2024-11-19 06:37:45,0.0,0.0,neutral
brown,Alo defective items ,3,6,2024-11-15 16:27:44,0.0,0.0,neutral
brown,My haul,1,0,2024-10-31 14:56:11,0.0,0.0,neutral
brown,Sherpa foxy black friday,1,0,2024-10-10 12:20:01,-0.167,0.433,negative
brown,Toasted almond VS Gravel. WDYT??,5,9,2024-09-26 17:33:18,0.0,0.0,neutral
brown,price increase insanity ,21,20,2024-09-18 08:38:43,0.0,0.0,neutral
brown,raisinette and chestnut brown. raisinette dropped in store today and it's really nice. Love it in the muse (also pictured),1,0,2024-08-27 16:40:25,0.55,0.8,positive
brown,Espresso color match? ,1,0,2024-06-10 06:52:52,0.0,0.0,neutral
brown,First purchase,1,0,2024-06-10 01:55:35,0.25,0.333,positive
brown,I’m so slow with the drops ❣️,1,0,2024-06-04 17:01:09,-0.3,0.4,negative
brown,"Help with this black Alo hat please? It's supposed to be Performance Off Duty, but is nothing like my authentic Brown one :( Obviously the wrong style, but maybe not real either? Purchased used. ",1,0,2024-06-01 03:50:29,-0.169,0.647,negative
brown,"Is this black Alo hat fake? Supposed to be Performance Off Duty, but is nothing like my authentic Brown one :(",1,0,2024-06-01 03:43:27,-0.229,0.796,negative
brown,Espresso crewneck vs lulu scuba,1,0,2024-05-20 00:24:26,0.0,0.0,neutral
brown,Attention Tall Ladies - skip this one ,1,0,2024-04-11 18:43:06,0.0,0.0,neutral
brown,Cinnamon Brown,1,0,2023-12-25 17:52:02,0.0,0.0,neutral
brown,Airlift fabric change?,1,0,2023-11-07 23:24:12,0.0,0.0,neutral
brown,New coat!,1,0,2023-09-23 02:38:14,0.17,0.455,positive
brown,New Drop: Cinnamon Brown,5,1,2022-09-20 12:54:20,0.136,0.455,positive
brown,"A closer look at Raisin 😃 Defo looks more brown on the website, it has a more plum/ash understone. Not what I expected, but I do love it! This is the Accolade Hoodie (XL)",15,1,2022-05-23 09:59:53,0.381,0.5,positive
brown,Our Best Brown Yet | Espresso,2,1,2021-12-03 13:03:55,1.0,0.3,positive
brown,Anyone buy the warrior mat?,4,6,2021-02-08 17:35:26,0.0,0.0,neutral
grey,2k order,1,0,2025-04-29 22:49:26,0.0,0.0,neutral
grey,Tennis club dress size difference,1,0,2025-04-29 20:57:02,0.0,0.0,neutral
grey,"I have this top in 3 colors, ivory, grey and black, I absolutely love it. Does anyone know if they have ever made it in other colors ? This top with the megastar cargos 10/10 amazing lol.",1,0,2025-04-29 13:53:35,0.32,0.514,positive
grey,Grey sky wash,1,0,2025-04-22 00:12:23,-0.05,0.1,neutral
grey,Alo cosmic grey vs. Lulu Belgian blue,1,0,2025-04-21 21:55:38,-0.025,0.1,neutral
grey,Anyone know of a good solid grey airlift?,1,0,2025-04-09 01:44:32,0.217,0.267,positive
grey,Crystal Blue - sale?,1,0,2025-04-07 10:02:01,0.0,0.1,neutral
grey,Airlift color comparison,1,0,2025-04-03 06:20:00,0.0,0.0,neutral
grey,thoughts on grey airlift leggings??,1,0,2025-04-02 19:04:02,-0.05,0.1,neutral
grey,"Same shorts, different waist band?",1,0,2025-03-26 21:44:27,0.0,0.362,neutral
grey,Cool Grey wash,1,0,2025-03-20 22:56:59,0.15,0.375,positive
grey,Alo soft onesie in Cool Grey Wash,0,1,2025-03-20 22:39:47,0.133,0.367,positive
grey,Alo soft onesie in Cool Grey Wash,1,0,2025-03-20 22:39:47,0.133,0.367,positive
grey,Can I buy the grey tie dye bag in store?,2,4,2025-03-19 21:29:14,-0.05,0.1,neutral
grey,Can I buy the grey tie dye bag in store?,1,0,2025-03-19 21:29:14,-0.05,0.1,neutral
grey,Exchanged low key shorts,1,0,2025-03-18 17:08:20,0.0,0.65,neutral
grey,This year Colors so far,1,0,2025-03-18 04:44:20,0.1,1.0,positive
grey,First alo purchase !,1,0,2025-03-16 16:59:16,0.312,0.333,positive
grey,First alo purchase in,1,0,2025-03-15 23:31:47,0.25,0.333,positive
grey,Accolade skirt 🩶,1,0,2025-03-14 17:45:47,0.0,0.0,neutral
grey,French terry accolade,1,0,2025-03-14 05:00:04,0.0,0.0,neutral
grey,Grey sky wash ( unexpect buying),37,24,2025-03-12 20:15:27,-0.05,0.1,neutral
grey,Early access for warm butter and grey!💛💛🩶,1,0,2025-03-09 08:55:48,0.35,0.45,positive
grey,Washed and Sky Grey EA?,1,0,2025-03-09 01:04:54,-0.05,0.1,neutral
grey,New White Heather Release - Half Crew Socks Early Release Link,1,0,2025-03-08 17:39:20,0.017,0.23,neutral
grey,Grey sky &amp; cool grey,16,8,2025-03-07 01:35:31,0.083,0.283,positive
grey,size guide help - accolade pullover,1,0,2025-03-06 20:27:16,0.0,0.0,neutral
grey,Cool Grey Wash Links 🌚🌚,17,18,2025-03-06 18:56:52,0.15,0.375,positive
grey,🌥️ day with grey,1,0,2025-03-01 20:09:10,-0.05,0.1,neutral
grey,Athletic Heather Grey &amp; White Heather🩶🤍,1,0,2025-02-26 21:17:48,-0.025,0.05,neutral
grey,How long do the limited colors last?,1,0,2025-02-24 14:35:42,-0.04,0.203,neutral
grey,Any pics of warm butter/grey that’s next?💛💛💛🌚,1,0,2025-02-18 14:58:39,0.6,0.6,positive
grey,Heather Grey with Sweet Pink?,18,18,2025-02-06 16:41:15,0.067,0.35,positive
grey,What to buy first timer at Alo Yoga with $275 gift card. That’s always on trends and don’t know what to buy,1,0,2025-02-06 16:00:07,0.25,0.333,positive
grey,Is this fake?,1,0,2025-02-03 03:39:22,-0.5,1.0,negative
grey,Upcoming Drops!! ,1,0,2025-01-10 13:42:51,0.0,0.0,neutral
grey,Athletic Heather Grey,1,0,2025-01-09 01:31:45,-0.05,0.1,neutral
grey,Paid for something in store to be shipped to me 3 weeks ago and still no confirmation email but was charged! ,1,0,2025-01-07 05:39:41,0.0,0.0,neutral
grey,UPCOMING DROPS 🛍️💋,1,0,2025-01-06 15:13:32,0.0,0.0,neutral
grey,Upcoming Color Drops 🩷🩶,1,0,2025-01-03 11:14:32,0.0,0.0,neutral
grey,Visited the Honolulu store today ,1,0,2024-12-29 02:53:35,0.0,0.0,neutral
grey,Alosoft Heart Throb ☁️,11,1,2024-12-20 21:53:27,0.0,0.0,neutral
grey,Oat Milk &amp; Steel Grey available 1/2 online (ALO Access 12/30),1,0,2024-12-18 01:33:58,0.175,0.25,positive
grey,TORN BETWEEN THESE 2 COLORS NOW: GREY &amp; ANTHRACITE. WHICH ONE DO YOU THINK IS BETTER? ,6,8,2024-12-13 19:30:53,0.225,0.3,positive
grey,Accolade 1/4 zip: torn between ordering the grey vs winter ivy. Which color is more versatile? My bottoms are mostly black and navy. ,1,0,2024-12-13 04:53:28,0.094,0.344,positive
grey,Looking to buy the accolade 1/4 zip in Grey but I’m torn between getting the small or medium. I want the fit to be slightly oversized on me. Please help,1,0,2024-12-09 23:22:51,-0.017,0.267,neutral
grey,New accolade items!,1,0,2024-12-09 20:00:52,0.17,0.455,positive
grey,Winter ivy + a Little burgundy ,1,0,2024-12-07 13:03:46,-0.188,0.5,negative
grey,Looking for Specific Sweatshirt/Hoodie Worn by Joe Burrow During Post Game Conference in the Last Month,1,0,2024-12-01 20:19:40,-0.133,0.197,negative
grey,More stuff from the sale! ,1,0,2024-11-19 23:22:05,0.625,0.5,positive
grey,Still haven’t received my BF order ,1,0,2024-11-18 20:14:22,0.0,0.0,neutral
grey,Aloft leggings feels different in black vs in grey,1,0,2024-11-17 15:58:23,-0.072,0.378,negative
grey,All-Black to All-Steel Grey,1,0,2024-11-14 23:00:58,-0.05,0.1,neutral
grey,Is there a way to shrink accolade hoodies?,1,0,2024-11-14 19:12:49,0.0,0.0,neutral
grey,Does anyone know if the steel grey is the same as the release they did a few years ago?,4,0,2024-11-14 17:11:15,-0.083,0.108,negative
grey,CABLE KNIT WINTER BLISS SET IN ATHLETIC HEATHER GREY 🤍,23,12,2024-11-14 16:09:19,-0.05,0.1,neutral
grey,Steel grey ,1,0,2024-11-10 21:29:53,-0.05,0.1,neutral
grey,Steel Grey 🤍,1,0,2024-11-06 23:59:35,-0.05,0.1,neutral
grey,Muse set an email,1,0,2024-11-01 21:11:49,0.0,0.0,neutral
grey,I purchased a total of $567 from Alo from their sale,1,0,2024-10-31 07:02:21,0.0,0.75,neutral
grey,Steel grey won’t get through Black Friday?,1,0,2024-10-30 19:07:37,-0.108,0.267,negative
grey,This is how much alo cares about their customers (or they assume we're all stupid) ,1,0,2024-10-29 00:04:38,-0.3,0.6,negative
grey,So nice to wake up to a SALE!!,1,0,2024-10-28 11:14:52,0.938,1.0,positive
grey,Steel grey heart throb set!,1,0,2024-10-22 06:42:33,-0.062,0.1,negative
grey,Steel grey heart throb set!,1,0,2024-10-22 06:40:25,-0.062,0.1,negative
grey,Steel grey heart throb set!,1,0,2024-10-22 06:40:25,-0.062,0.1,negative
grey,Steel grey heart throb set!,1,0,2024-10-22 06:33:26,-0.062,0.1,negative
grey,Steel grey heart throb set!,1,0,2024-10-22 06:33:26,-0.062,0.1,negative
grey,Steel grey accolade,1,0,2024-10-20 17:37:13,-0.05,0.1,neutral
grey,denim knit shawl,5,4,2024-10-15 00:03:56,0.0,0.0,neutral
grey,Next color?! 🤎💙💙,1,0,2024-10-13 16:15:21,0.0,0.0,neutral
grey,Thoughts on the new alosoft sets,1,0,2024-10-13 14:22:26,0.136,0.455,positive
grey,Steel Grey Hearthrob set ,1,0,2024-10-11 18:04:37,-0.05,0.1,neutral
grey,Black Friday Muse Hoodie,1,0,2024-10-10 23:37:16,-0.167,0.433,negative
grey,Anyone know if the Scholar Knit Cropped Full Zip Jacket in Grey will be restocked?,1,0,2024-10-10 17:37:36,0.15,0.325,positive
grey,Steel Grey Muse,1,0,2024-10-09 16:28:44,-0.05,0.1,neutral
grey,Question ,1,0,2024-10-09 10:43:44,0.0,0.0,neutral
grey,More of Steel grey,1,0,2024-10-07 23:26:54,0.225,0.3,positive
grey,Steel Gray…. ,1,0,2024-10-07 21:37:04,0.0,0.0,neutral
grey,Steel grey addiction ,6,8,2024-10-07 16:28:36,-0.05,0.1,neutral
grey,When is steel grey dropping in Canada!!!!!????? 🩶🩶🩶🩶,1,0,2024-10-03 19:35:32,-0.153,0.1,negative
grey,Steel Grey Links! 🩶,1,0,2024-10-03 13:23:42,-0.062,0.1,negative
grey,Steel grey 🩶,34,17,2024-09-30 19:41:33,-0.05,0.1,neutral
grey,Steel grey 🩶,1,0,2024-09-30 19:35:10,-0.05,0.1,neutral
grey,is the accolade sweatshirt worth it?,6,44,2024-09-22 23:33:40,0.3,0.1,positive
grey,"Eclipse blue, full drop",1,0,2024-09-04 14:24:54,0.175,0.325,positive
grey,Do these look legit? Normally suit up has a black line right?,1,0,2024-09-03 03:40:38,0.09,0.54,positive
grey,My 2 year hunt is finally over😭❤️Had to share!!,1,0,2024-08-31 20:02:44,0.0,1.0,neutral
grey,What are the grey bottoms under her Accolade Sweatpants?,1,0,2024-08-26 15:45:10,-0.05,0.1,neutral
grey,Full doubles only set 🐚 🩵 ,1,0,2024-08-17 12:14:34,0.175,0.775,positive
grey,Ballet pink haul 🩰🎀,1,0,2024-08-09 05:19:27,-0.1,0.3,negative
grey,Ballet pink haul,1,0,2024-08-09 05:10:55,-0.1,0.3,negative
grey,Butter Yellow or Steel Grey?,1,0,2024-07-31 23:46:15,-0.025,0.05,neutral
grey,Someone mentioned a grey gunmetal type colour drop soon can't find the post ? ,1,0,2024-07-24 18:23:37,-0.05,0.1,neutral
grey,Accolade Hoodie pricing = quality?,1,0,2024-07-23 02:35:35,0.0,0.0,neutral
grey,converted alo yogi 🧘🏼‍♀️,1,0,2024-07-03 17:52:18,0.0,0.0,neutral
grey,Matching sets for travel,1,0,2024-06-02 22:19:07,0.0,0.0,neutral
grey,New drop steel blue,1,0,2024-05-15 06:59:46,0.068,0.277,positive
grey,Went back.. ,1,0,2024-05-04 01:10:22,0.0,0.0,neutral
grey,Alo sale haul arrived! :),1,0,2024-04-30 22:39:34,0.5,1.0,positive
blue,Crystal blue is amazing color I want the jacket in blue but was impossible to find it,1,0,2025-05-08 14:39:25,-0.017,0.525,neutral
blue,Resale help 🙏 I want to sell these tops.,1,0,2025-05-06 15:58:21,0.0,0.0,neutral
blue,Airlift Charger Bra Crystal Clear Blue,1,0,2025-04-30 02:48:35,0.05,0.242,neutral
blue,Navy or the Marathon Blue? 😅,1,0,2025-04-27 07:02:33,0.0,0.1,neutral
blue,postpartum sale haul 😊,1,0,2025-04-26 17:42:36,0.0,0.0,neutral
blue,My sale finds! 💕 But I’m already feeling like returning the blue set - what do you think? 🥺,3,2,2025-04-26 07:13:08,0.0,0.1,neutral
blue,My sale finds 🎀 But I already thinking to return that blue set - should i keep it 😅🩷,1,0,2025-04-26 07:07:20,0.0,0.1,neutral
blue,"Huge haul, try-ons and detailed reviews!- addicted to heartthrob &amp; crystal clear blue",52,6,2025-04-25 17:18:13,0.12,0.547,positive
blue,Grey sky wash,1,0,2025-04-22 00:12:23,-0.05,0.1,neutral
blue,Alo cosmic grey vs. Lulu Belgian blue,1,0,2025-04-21 21:55:38,-0.025,0.1,neutral
blue,"Trying the Amazon Alo Yoga Airbrush Streamlined Dress Dupe so you don’t have to 👀 Left is Alo Yoga in Sweet Pink, Right is Amazon in Light Blue. Both in size small.",1,0,2025-04-18 20:39:58,0.098,0.384,positive
blue,Crystal clear blue x warm butter 🤍,1,0,2025-04-17 20:25:04,0.233,0.361,positive
blue,Does Alo clothing stretch out?,4,4,2025-04-15 19:50:23,0.0,0.0,neutral
blue,Color Seems Off,1,0,2025-04-15 04:30:07,0.0,0.0,neutral
blue,Does alo restock core colors?,1,0,2025-04-14 01:49:34,0.0,0.0,neutral
blue,Straight leg accolades vs scrunchie leg,1,0,2025-04-12 17:56:04,0.2,0.4,positive
blue,Tennis dress x sweet escape hoodie,6,4,2025-04-11 20:27:49,0.35,0.65,positive
blue,Alo Yoga Drop,72,10,2025-04-11 18:35:23,0.0,0.0,neutral
blue,Crystal Clear Blue! 🌊🌊🌊,2,0,2025-04-11 15:33:31,0.05,0.242,neutral
blue,Crystal Clear Blue! 🌊🌊🌊,1,0,2025-04-11 15:33:31,0.05,0.242,neutral
blue,Crystal Clear Blue collection helppp I don't know what to keep .,1,0,2025-04-11 14:48:11,0.05,0.242,neutral
blue,Crystal clear blue tryon,1,0,2025-04-11 14:25:56,0.05,0.242,neutral
blue,Love this blue,1,0,2025-04-11 14:24:36,0.25,0.35,positive
blue,Blue is my favourite colour 🥶,5,0,2025-04-11 06:54:41,0.0,0.1,neutral
blue,Crystal blue but HATE the sweat set?,77,33,2025-04-10 20:32:32,-0.4,0.5,negative
blue,Airlift Charger sets now up on the website,1,0,2025-04-10 03:14:40,0.0,0.0,neutral
blue,Airlift Charger Sets now on the site,1,0,2025-04-10 03:13:04,0.0,0.0,neutral
blue,Haul/ Should i return the accolade set?,1,0,2025-04-09 20:25:24,0.0,0.0,neutral
blue,Crystal Clear Blue outfit💙,1,0,2025-04-09 17:33:53,0.05,0.242,neutral
blue,Anyone know of a good solid grey airlift?,1,0,2025-04-09 01:44:32,0.217,0.267,positive
blue,Crystal clear blue 💙🩵,1,0,2025-04-09 00:20:32,0.05,0.242,neutral
blue,Crystal clear blue,14,0,2025-04-08 20:21:13,0.05,0.242,neutral
blue,Crystal Clear Blue vs Seashell blue comparison (also missing the Alo logo),1,0,2025-04-08 19:06:38,-0.025,0.158,neutral
blue,crystal clear blue in store 🩵,1,0,2025-04-08 18:42:22,0.05,0.242,neutral
blue,"Smoky quartz, crystal clear blue, marathon blue.",15,5,2025-04-08 17:44:17,0.033,0.194,neutral
blue,"Smoky quartz, crystal clear blue, marathon blue.",1,0,2025-04-08 17:35:58,0.033,0.194,neutral
blue,"Smoky quartz, crystal clear blue, marathon blue.",1,0,2025-04-08 17:35:58,0.033,0.194,neutral
blue,Crystal Clear Blue : WOW,1,0,2025-04-07 21:39:27,0.067,0.494,positive
blue,Crystal Blue - sale?,1,0,2025-04-07 10:02:01,0.0,0.1,neutral
blue,For anyone who place a crystal blue order fri/sat has your order been dispatched yet ?,1,0,2025-04-07 07:36:10,0.0,0.1,neutral
blue,god what did i do 😭 my favorite color is blue 🩵,1,0,2025-04-07 01:07:47,0.25,0.55,positive
blue,Crystal blue,1,0,2025-04-07 00:07:44,0.0,0.1,neutral
blue,Crystal clear blue haul,1,0,2025-04-06 21:23:32,0.05,0.242,neutral
blue,Crystal Clear Blue Priority access is available!,1,0,2025-04-06 10:53:14,0.2,0.294,positive
blue,Crystal Blue Question?,1,0,2025-04-06 00:50:56,0.0,0.1,neutral
blue,Accolade sweater in pink quartz,1,0,2025-04-06 00:40:17,-0.1,0.3,negative
blue,If you just can’t wait for Crystal Blue..,1,0,2025-04-04 21:56:53,0.0,0.1,neutral
blue,Who successfully ordered Crystal Blue before it all went “out of stock”?,1,0,2025-04-04 03:30:40,0.375,0.525,positive
blue,Crystal clear blue biker shorts,1,0,2025-04-04 00:03:18,0.05,0.242,neutral
blue,Crystal Clear Blue Links! 💙,1,0,2025-04-03 22:07:24,0.05,0.242,neutral
blue,Accolade smoky quartz :),1,0,2025-04-03 18:48:59,0.5,1.0,positive
blue,"Ladies, will you buy marathon blue and wear?",1,0,2025-04-03 17:54:29,0.0,0.1,neutral
blue,Marathon blue set?,1,0,2025-04-03 15:02:51,0.0,0.1,neutral
blue,Airlift color comparison,1,0,2025-04-03 06:20:00,0.0,0.0,neutral
blue,Anyone have Crystal clear blue catalog?!,1,0,2025-04-02 14:18:50,0.05,0.242,neutral
blue,Anyone have Crystal clear blue catalog?!,1,0,2025-04-02 14:18:49,0.05,0.242,neutral
blue,Anyone have Crystal clear blue catalog?!,6,0,2025-04-02 14:18:49,0.05,0.242,neutral
blue,Smoky quartz,1,0,2025-04-01 19:52:17,0.0,0.0,neutral
blue,marathon blue,12,14,2025-04-01 06:41:32,0.0,0.1,neutral
blue,Accolade set smoky quartz,1,0,2025-04-01 05:22:07,0.0,0.0,neutral
blue,Crystal Clear Blue Accolade Set,1,0,2025-03-31 16:26:08,0.05,0.242,neutral
blue,Today on influencer story Crystal Blue I'm in loveeee,1,0,2025-03-31 15:13:46,0.0,0.1,neutral
blue,Crystal blue?,1,0,2025-03-30 23:22:39,0.0,0.1,neutral
blue,Crystal blue?,8,8,2025-03-30 23:22:39,0.0,0.1,neutral
blue,Crystal Clear Blue &amp; Pink Quartz,1,0,2025-03-30 20:15:15,-0.0,0.261,neutral
blue,Crystal blue,1,0,2025-03-30 17:21:36,0.0,0.1,neutral
blue,Alo new blue color?,1,0,2025-03-29 18:47:21,0.068,0.277,positive
blue,Blue crystal?,1,0,2025-03-29 15:13:16,0.0,0.1,neutral
blue,New mat 💙,1,0,2025-03-26 17:10:34,0.136,0.455,positive
blue,Dug out this gem for pilates today!,1,0,2025-03-21 15:24:11,0.0,0.0,neutral
blue,Airlift line up shorts Eclipse Blue,2,0,2025-03-18 01:36:17,0.0,0.1,neutral
blue,Accolade celestial blue,1,0,2025-03-15 10:37:30,0.0,0.1,neutral
blue,Capital one 25% CB,39,24,2025-02-28 21:28:37,0.0,0.0,neutral
blue,New colors!,1,0,2025-02-27 15:20:31,0.17,0.455,positive
blue,IRL pics of spruce green,1,0,2025-02-25 23:46:26,-0.2,0.3,negative
blue,"Alo yoga air lift line up leggings, my first time purchase",1,0,2025-02-24 01:41:05,0.25,0.333,positive
blue,Sizing Question!,1,0,2025-02-08 18:58:12,0.0,0.0,neutral
blue,What to buy first timer at Alo Yoga with $275 gift card. That’s always on trends and don’t know what to buy,1,0,2025-02-06 16:00:07,0.25,0.333,positive
blue,Seashell Blue Match Point Skirt,1,0,2025-02-04 17:09:00,0.0,0.1,neutral
blue,Seashell blue dupe,1,0,2025-01-28 22:19:03,0.0,0.1,neutral
blue,Mislabeled items ,1,0,2025-01-21 08:54:16,0.0,0.0,neutral
blue,What’s a color you’re sad you missed out on?,1,0,2025-01-11 21:01:27,-0.5,1.0,negative
blue,Alo hoodie is ruined :(( anyway to fix it ? ,1,0,2025-01-10 04:41:05,-0.75,1.0,negative
blue,What on earth ?!,1,0,2025-01-05 01:04:19,0.0,0.0,neutral
blue,Navy Blue Match Point Shorts,1,0,2024-12-31 22:21:11,0.0,0.1,neutral
blue,Bought “damaged” sweatpants,1,0,2024-12-25 00:32:04,0.0,0.0,neutral
blue,30% off,0,7,2024-12-20 20:59:56,0.0,0.0,neutral
blue,Celestial Blue 💎,11,1,2024-12-15 21:25:50,0.0,0.1,neutral
blue,Fake Influencer email?,1,0,2024-12-14 21:34:31,-0.5,1.0,negative
blue,New color drops not selling out,1,0,2024-12-13 11:44:07,0.136,0.455,positive
blue,they’re back 😊🫶,1,0,2024-12-08 18:47:52,0.0,0.0,neutral
blue,My friend convinced me to get the celestial blue scholar set! I have 0 regrets! 😍,1,0,2024-12-08 02:32:49,-0.062,0.15,negative
blue,Do we have a trading/selling thread? Looking to trade my Celestial Blue cropped crewneck (S) for a regular crewneck.,1,0,2024-12-04 23:13:17,0.0,0.088,neutral
blue,Cashmere set!,1,0,2024-12-03 17:00:12,0.0,0.0,neutral
blue,Colorblind Male | Need Pants Recs ,1,0,2024-12-03 16:35:46,0.0,0.1,neutral
blue,Eclipse Blue 💙 Too much blue? ,1,0,2024-12-02 03:32:44,0.0,0.1,neutral
blue,Looking for Specific Sweatshirt/Hoodie Worn by Joe Burrow During Post Game Conference in the Last Month,1,0,2024-12-01 20:19:40,-0.133,0.197,negative
blue,How does seashell blue compare with celestial blue? ,1,0,2024-11-30 18:26:34,0.0,0.1,neutral
blue,Velour shacket,1,0,2024-11-30 13:04:14,0.0,0.0,neutral
blue,New to Alo question! ,1,0,2024-11-27 04:11:27,0.17,0.455,positive
green,Spruce Green Accolade Sweatshirt?,1,0,2025-05-03 20:02:27,-0.2,0.3,negative
green,new signature shoe??,1,0,2025-04-29 14:55:44,0.136,0.455,positive
green,Charcoal green heather just out of the sauna,1,0,2025-04-10 02:16:04,-0.2,0.3,negative
green,Anyone know of a good solid grey airlift?,1,0,2025-04-09 01:44:32,0.217,0.267,positive
green,upcoming drops,24,4,2025-04-08 21:16:02,0.0,0.0,neutral
green,Is there an upcoming green drop ?,1,0,2025-04-05 06:59:00,-0.2,0.3,negative
green,Airlift color comparison,1,0,2025-04-03 06:20:00,0.0,0.0,neutral
green,men’s spruce green,1,0,2025-03-26 05:50:44,-0.2,0.3,negative
green,https://v.lemon8-app.com/s/OgjrrYcYvp,1,0,2025-03-25 21:53:23,0.0,0.0,neutral
green,men’s drop,1,0,2025-03-23 06:26:44,0.0,0.0,neutral
green,Green for St. Patty’s day ☘️,1,0,2025-03-17 20:41:44,-0.2,0.3,negative
green,Second part of my Spruce Green haul 🍃🍃🍃,1,0,2025-03-07 16:52:01,-0.1,0.15,negative
green,Spruce green,1,0,2025-03-01 16:59:45,-0.2,0.3,negative
green,Colour comparison Lululemon Maldives/kelly green and Alo Spruce Green,1,0,2025-03-01 08:30:16,-0.2,0.3,negative
green,I actually had a positive client service experience!,20,2,2025-02-28 10:22:48,0.142,0.323,positive
green,Spruce Green Part one it,1,0,2025-02-28 08:45:24,-0.2,0.3,negative
green,Spruce Green is GORGEOUS,1,0,2025-02-26 21:47:21,0.25,0.6,positive
green,Spruce green💚,1,0,2025-02-26 20:56:23,0.0,0.0,neutral
green,I can't unsee it...,1,0,2025-02-26 09:40:58,0.0,0.0,neutral
green,IRL pics of spruce green,1,0,2025-02-25 23:46:26,-0.2,0.3,negative
green,Spruce Green vs. Lettuce (2023) vs. Emerald (2022),1,0,2025-02-25 21:30:02,-0.2,0.3,negative
green,IRL video of Spruce Green &amp; White Heather💚🤍,1,0,2025-02-25 03:13:40,-0.1,0.15,negative
green,Didn’t think spruce green would be so popular,1,0,2025-02-24 20:45:13,0.2,0.6,positive
green,Cropped All Day Short Sleeve,1,0,2025-02-24 19:45:33,0.0,0.3,neutral
green,How long do the limited colors last?,1,0,2025-02-24 14:35:42,-0.04,0.203,neutral
green,IRL pics of spruce green?,1,0,2025-02-24 00:07:23,-0.2,0.3,negative
green,Pro Program Clarification,1,0,2025-02-23 20:09:50,0.0,0.0,neutral
green,Spruce green priority access is available now!,1,0,2025-02-23 12:07:27,0.15,0.35,positive
green,Spruce green links! 💙💚,1,0,2025-02-21 21:45:45,-0.25,0.3,negative
green,More Rewards Posted,1,0,2025-02-21 01:14:18,0.5,0.5,positive
green,Any pics of warm butter/grey that’s next?💛💛💛🌚,1,0,2025-02-18 14:58:39,0.6,0.6,positive
green,Tell me it gets better,1,0,2025-02-17 13:30:27,0.5,0.5,positive
green,"I can’t find the sweatshirt I’ve been searching for, it’s been a year 😭",1,0,2025-02-14 12:58:52,0.0,0.0,neutral
green,Alo Warm Butter,1,0,2025-02-13 17:55:54,0.6,0.6,positive
green,Spruce green— any idea what it looks like?! 💚💚,1,0,2025-02-13 10:46:45,0.0,0.0,neutral
green,Does anyone have any pics of spruce green?,10,4,2025-02-12 00:29:28,-0.2,0.3,negative
green,Charcoal green fit,1,0,2025-02-07 21:03:49,0.1,0.35,positive
green,Charcoal green Hazy Mock neck,1,0,2025-02-06 21:33:29,-0.2,0.3,negative
green,Charcoal Green Make Waves Set Available Now,1,0,2025-02-06 00:14:08,0.1,0.35,positive
green,Alo colors,1,0,2025-02-05 23:49:56,0.0,0.0,neutral
green,Charcoal green preorder keeps changing dates..,1,0,2025-02-02 10:41:15,-0.2,0.3,negative
green,My favorite Charcoal Green item and also my favorite Airlift 7/8 Line-up Legging color release because the contrast of the black detailing on charcoal green really makes the green undertone pop,1,0,2025-02-01 17:23:52,0.062,0.505,positive
green,Winter Ivy - Dark Cactus - Charcoal Green,1,0,2025-02-01 03:43:09,-0.175,0.35,negative
green,Dark Cactus - Winter Ivy - Charcoal Green,1,0,2025-02-01 03:42:09,-0.175,0.35,negative
green,Dark Cactus - Winter Ivy - Charcoal Green,1,0,2025-02-01 03:42:09,-0.175,0.35,negative
green,Where’s the rest of charcoal green collection?,1,0,2025-01-30 00:59:19,-0.2,0.3,negative
green,New color drop,1,0,2025-01-28 04:08:51,0.136,0.455,positive
green,I hate it here 💸💸💸,1,0,2025-01-27 22:20:40,-0.8,0.9,negative
green,Charcoal Green,1,0,2025-01-26 21:08:21,-0.2,0.3,negative
green,Charcoal Green Early Access In-store purchases,1,0,2025-01-26 20:25:22,-0.05,0.3,neutral
green,Charcoal Green Drop: In-store Purchases,1,0,2025-01-26 20:12:26,-0.2,0.3,negative
green,Charcoal Green Drop: In-store Purchases,1,0,2025-01-26 20:12:26,-0.2,0.3,negative
green,Charcoal Green!,1,0,2025-01-26 16:05:03,-0.25,0.3,negative
green,Next drops,1,0,2025-01-26 15:04:31,0.0,0.0,neutral
green,Charcoal green early access is up!,1,0,2025-01-26 11:43:27,-0.038,0.3,neutral
green,Iced Green Tea,3,0,2025-01-25 19:10:55,-0.2,0.3,negative
green,Iced Green Tea,1,0,2025-01-25 19:10:55,-0.2,0.3,negative
green,Charcoal green links! 💚,1,0,2025-01-24 17:58:55,-0.25,0.3,negative
green,Charcoal green links 💚,1,0,2025-01-24 17:48:00,-0.2,0.3,negative
green,Charcoal green!,39,15,2025-01-24 01:12:50,-0.25,0.3,negative
green,Charcoal Green Teaser,1,0,2025-01-23 20:55:33,-0.2,0.3,negative
green,Charcoal Green tease?,1,0,2025-01-21 18:39:32,-0.2,0.3,negative
green,Best alo purchase - Recovery mode sneakers,1,0,2025-01-20 01:53:16,1.0,0.3,positive
green,New colors! ,1,0,2025-01-19 20:23:08,0.17,0.455,positive
green,Upcoming Drops!! ,1,0,2025-01-10 13:42:51,0.0,0.0,neutral
green,UPCOMING DROPS 🛍️💋,1,0,2025-01-06 15:13:32,0.0,0.0,neutral
green,Battle of the 2 Greens 💚,1,0,2025-01-04 18:48:49,0.0,0.0,neutral
green,Midnight Green vs Winter Ivy,1,0,2024-12-26 00:21:14,-0.2,0.3,negative
green,Alosoft sweet talker tank,1,0,2024-12-19 19:54:41,0.35,0.65,positive
green,Alo wrap up of the year ,1,0,2024-12-08 04:43:27,0.0,0.0,neutral
green,Winter ivy + a Little burgundy ,1,0,2024-12-07 13:03:46,-0.188,0.5,negative
green,Winter ivy &amp; accolade shorts!! ❤️,1,0,2024-12-05 20:56:01,0.0,0.0,neutral
green,pregnant winter ivy try-on 🌲,1,0,2024-12-05 03:20:52,0.333,0.5,positive
green,Midnight green vs Winter Ivy,1,0,2024-12-04 18:47:35,-0.2,0.3,negative
green,Next color after green?,1,0,2024-11-30 07:07:23,-0.1,0.15,negative
green,More stuff from the sale! ,1,0,2024-11-19 23:22:05,0.625,0.5,positive
green,😅 Aspire Tank Club? ,1,0,2024-11-19 06:37:45,0.0,0.0,neutral
green,Alosoft head start dress black to,1,0,2024-11-15 22:02:33,-0.167,0.433,negative
green,All-Black to All-Steel Grey,1,0,2024-11-14 23:00:58,-0.05,0.1,neutral
green,Green next?,1,0,2024-11-04 23:22:48,-0.1,0.15,negative
green,New color coming up?,1,0,2024-10-09 02:00:59,0.136,0.455,positive
green,Green color coming soon? 🤞💚🍀,26,6,2024-09-20 18:59:46,-0.2,0.3,negative
green,Sweat stains on lighter colors? (Airlift),1,0,2024-09-01 00:57:56,0.0,0.0,neutral
green,Aspire tank sizing,1,0,2024-08-30 21:37:45,0.0,0.0,neutral
green,1/2 point day today if youre interested in green yoga strap or yoga block!,1,0,2024-08-20 14:57:51,0.0,0.4,neutral
green,Worth waiting for 1/2 point rewards ?,1,0,2024-08-09 19:26:19,0.3,0.1,positive
green,Green Apple will always be a favorite 💚,1,0,2024-07-26 13:29:25,0.15,0.65,positive
green,I’m wanting for the flip it trouser so bad ,1,0,2024-07-14 22:48:27,-0.7,0.667,negative
green,Nordstrom has the botanical green aspire tank in stock!,1,0,2024-06-16 16:22:47,-0.25,0.3,negative
green,Red hot summer is gorgeous ❤️,1,0,2024-06-11 02:31:11,0.317,0.583,positive
green,Blue splash and red hot summer,1,0,2024-06-04 23:07:03,0.083,0.317,positive
green,"This years colors haven’t been too exciting for me when I look back at all the gorgeous colors I have gotten in past years 😍 From left to right: Florescent Pink Coral, Green Glow, Red Hot Summer, Pink Fuschia, Pink Lavender, Violet Skies, Bright Aqua",1,0,2024-06-04 13:40:26,0.114,0.41,positive
green,What is the color of inside fabric of Alo airlift leggings in Olive Tree?,1,0,2024-05-29 09:03:35,0.0,0.0,neutral
green,Double trouble bra thoughts?,1,0,2024-05-28 18:37:18,-0.1,0.1,negative
green,Alo’s customer service is laughable,1,0,2024-05-25 22:55:10,-0.5,1.0,negative
green,do we know when the next color drop is?,1,0,2024-05-24 14:04:24,0.0,0.0,neutral
green,"Need some help on Olive tree color, is it appear different on Airlift leggings and on Ribbed jumpstartV neck bra?",1,0,2024-05-22 14:07:36,0.0,0.6,neutral
green,Botanical greens 🍃,1,0,2024-05-22 03:54:36,0.0,0.0,neutral
green,Alo and Stanley Color drops,1,0,2024-05-21 16:58:25,0.0,0.0,neutral
green,botanical green! 🍃,1,0,2024-05-17 00:03:24,-0.25,0.3,negative
pink,Candy red!,1,0,2025-05-07 19:02:18,0.0,0.0,neutral
pink,Candy Red Haul,1,0,2025-05-06 23:14:55,0.0,0.0,neutral
pink,Resale help 🙏 I want to sell these tops.,1,0,2025-05-06 15:58:21,0.0,0.0,neutral
pink,Candy red 😍 with bold red&amp;red hot,1,0,2025-05-05 21:15:46,0.194,0.506,positive
pink,Pink quartz tennis skirt restock?,1,0,2025-05-05 20:11:44,-0.1,0.3,negative
pink,Pink Quartz tennis skirt restock?,1,0,2025-05-05 20:09:28,-0.1,0.3,negative
pink,Pinstripe Daylight in Pink Quartz / Ivory,1,0,2025-05-03 07:39:58,-0.1,0.3,negative
pink,Alo anniversary sale haul,1,0,2025-04-30 14:37:34,0.0,0.0,neutral
pink,Pink Quartz Micro Plisse Set 🩷,1,0,2025-04-30 03:42:31,-0.1,0.3,negative
pink,Why are the colors so off?,1,0,2025-04-29 22:35:51,0.0,0.0,neutral
pink,Shade ID?,6,5,2025-04-27 20:38:01,0.0,0.0,neutral
pink,I love the accolade,1,0,2025-04-27 01:09:54,0.5,0.6,positive
pink,Plisse dress,1,2,2025-04-25 19:40:12,0.0,0.0,neutral
pink,"Huge haul, try-ons and detailed reviews!- addicted to heartthrob &amp; crystal clear blue",52,6,2025-04-25 17:18:13,0.12,0.547,positive
pink,RESTOCK - SWEET PINK ACCOLADE CROPPED CREW NECK,15,14,2025-04-24 17:43:19,0.125,0.475,positive
pink,Sweet pink accolade crop crewneck restock - most sizes look,1,0,2025-04-24 17:39:21,0.25,0.483,positive
pink,Refunded 🤷‍♀️,13,7,2025-04-21 23:20:29,0.0,0.0,neutral
pink,Pink quartz 💫,1,0,2025-04-19 14:59:50,-0.1,0.3,negative
pink,Can I cancel a return request?,1,0,2025-04-19 01:49:54,0.0,0.0,neutral
pink,"Trying the Amazon Alo Yoga Airbrush Streamlined Dress Dupe so you don’t have to 👀 Left is Alo Yoga in Sweet Pink, Right is Amazon in Light Blue. Both in size small.",1,0,2025-04-18 20:39:58,0.098,0.384,positive
pink,Pink Quartz heartthrob set with socks,1,0,2025-04-18 20:06:33,-0.1,0.3,negative
pink,IRL Comparison,1,0,2025-04-18 13:36:40,0.0,0.0,neutral
pink,IRL Comparison,1,0,2025-04-18 13:34:16,0.0,0.0,neutral
pink,Brea mall early access opening event,1,0,2025-04-18 01:13:08,0.1,0.3,positive
pink,"Pink quartz, I love the color more in person. I bought a few including this outfit today.",6,0,2025-04-17 22:04:10,0.175,0.375,positive
pink,"Pink quartz, I love the color more in person. I bought a few including this outfit today.",1,0,2025-04-17 22:04:10,0.175,0.375,positive
pink,Pink Quartz,1,0,2025-04-17 16:00:45,-0.1,0.3,negative
pink,Pink quartz skirt,1,0,2025-04-17 14:10:57,-0.1,0.3,negative
pink,Pink quartz,1,0,2025-04-17 02:26:37,-0.1,0.3,negative
pink,Grand slam skirt,1,0,2025-04-17 01:02:59,0.5,1.0,positive
pink,Pink quartz accolade,1,0,2025-04-17 01:00:50,-0.1,0.3,negative
pink,Pink quartz accolade set,1,0,2025-04-17 00:57:06,-0.1,0.3,negative
pink,Pink quartz accolade set,1,0,2025-04-17 00:57:06,-0.1,0.3,negative
pink,Pink quartz accolade set,1,0,2025-04-17 00:56:41,-0.1,0.3,negative
pink,Pink quartz accolade set,1,0,2025-04-17 00:56:41,-0.1,0.3,negative
pink,Grand slam skirt in Pink Quartz,1,0,2025-04-17 00:52:32,0.2,0.65,positive
pink,Grand slam pink quartz,1,0,2025-04-17 00:24:08,0.2,0.65,positive
pink,Pink Quartz Accolade,1,0,2025-04-16 22:18:34,-0.1,0.3,negative
pink,Has anyone done a try on in the new pink quartz? Would love to see what it looks like on!,4,1,2025-04-16 22:06:42,0.22,0.452,positive
pink,Pink Quartz Try-On 🩷,1,0,2025-04-16 21:58:35,-0.1,0.3,negative
pink,Pink Quartz VS (lulu) Pink Haze,1,0,2025-04-16 18:53:18,-0.1,0.3,negative
pink,If anyone’s looking for sweet pink heart throb leggings they are available on the shop app medium and large!,1,0,2025-04-16 18:39:18,0.229,0.445,positive
pink,Pink Quartz Haul 🩷 Will post try on tomorrow,1,0,2025-04-16 00:34:49,-0.1,0.3,negative
pink,Pink Quartz vs Ballet Pink,1,0,2025-04-15 22:04:15,-0.1,0.3,negative
pink,Pink Quartz in Store,1,0,2025-04-15 17:38:19,-0.1,0.3,negative
pink,Pink quartz💖,1,0,2025-04-14 03:59:51,-0.1,0.3,negative
pink,Private Shop Event,1,0,2025-04-13 23:29:42,0.0,0.375,neutral
pink,Pink quartz pliss bra,1,0,2025-04-13 20:20:30,-0.1,0.3,negative
pink,Does anyone know the name of the shirt?,1,0,2025-04-12 20:32:45,0.0,0.0,neutral
pink,Pink quartz pliss bra,1,0,2025-04-12 18:55:34,-0.1,0.3,negative
pink,Straight leg accolades vs scrunchie leg,1,0,2025-04-12 17:56:04,0.2,0.4,positive
pink,Does anyone know if a yoga mat is going to come out in pink quartz??,1,0,2025-04-11 23:54:04,-0.1,0.3,negative
pink,Private Event,13,9,2025-04-08 21:33:28,0.0,0.375,neutral
pink,upcoming drops,24,4,2025-04-08 21:16:02,0.0,0.0,neutral
pink,"After working a lot of long stressful hours and waiting 2 months for a restock, I finally got the girly pink tennis outfit of my dreams 🥰💕",98,13,2025-04-08 13:42:27,-0.05,0.567,negative
pink,Accolade sweater in pink quartz,1,0,2025-04-06 00:40:17,-0.1,0.3,negative
pink,Alo yoga sweet pink,1,0,2025-04-04 17:42:37,0.125,0.475,positive
pink,Crystal Clear Blue &amp; Pink Quartz,1,0,2025-03-30 20:15:15,-0.0,0.261,neutral
pink,Sweet pink+fading,1,0,2025-03-27 16:33:58,0.35,0.65,positive
pink,Sweet Pink,1,0,2025-03-26 01:08:58,0.125,0.475,positive
pink,Sweet pink-airbrush streamlined dress- medium,1,0,2025-03-24 17:14:54,0.35,0.65,positive
pink,Sweet Pink Accolade Shorts Restocked!,1,0,2025-03-23 15:59:13,0.112,0.475,positive
pink,Mushroom Heather or Dark Pink Quarts?,1,0,2025-03-19 01:55:55,-0.125,0.35,negative
pink,This year Colors so far,1,0,2025-03-18 04:44:20,0.1,1.0,positive
pink,Happy surprise,1,0,2025-03-14 18:59:59,0.8,1.0,positive
pink,I randomly found one solitary pair of clearance joggers at target yesterday that are a perfect match for my sweet pink accolade. They’re a little big but for 15 bucks I was pretty ecstatic and they’ll look a lot cuter with my aloe boxer briefs underneath.,1,0,2025-03-14 15:39:22,0.116,0.579,positive
pink,What colors do you wanna see come out ???,1,0,2025-03-11 14:07:02,0.0,0.0,neutral
pink,Sweet pink?,1,0,2025-03-09 01:26:41,0.125,0.475,positive
pink,Back in stock sweet pink!,1,0,2025-03-09 01:02:20,0.075,0.317,positive
pink,Anyone interested? Sweet pink,1,0,2025-02-28 17:59:02,0.167,0.483,positive
pink,New colors!,1,0,2025-02-27 15:20:31,0.17,0.455,positive
pink,Spruce Green is GORGEOUS,1,0,2025-02-26 21:47:21,0.25,0.6,positive
pink,Alo men appreciation Post,1,0,2025-02-25 03:49:08,0.0,0.0,neutral
pink,Alo men appreciation Post,1,0,2025-02-25 03:48:51,0.0,0.0,neutral
pink,"Airbrush Heart Throb Bra, 7/8 High- Waist leggings &amp; Half/Crew socks in Sweet Pink color 🩷",1,0,2025-02-24 17:16:34,0.137,0.497,positive
pink,Disappointed after visiting stationary store,1,0,2025-02-24 17:05:58,-0.75,0.75,negative
pink,Sweet Pink Preorder,8,2,2025-02-22 20:54:58,0.125,0.475,positive
pink,Sweet Pink Preorder,1,0,2025-02-22 20:54:58,0.125,0.475,positive
pink,Airbrush Streamlined Dress,1,0,2025-02-22 13:50:06,0.0,0.0,neutral
pink,If anyone is looking for sweet pink airlift 7/8m’s my local store has a few i would be willing to help!,1,0,2025-02-22 05:13:30,0.072,0.36,positive
pink,If anyone is looking for sweet pink airlift 7/8m’s my local store has a few i would be willing to help!,5,1,2025-02-22 05:13:30,0.072,0.36,positive
pink,Restock of Accolade Cropped Sweatshirt in Sweet Pink for those still looking 💕,1,0,2025-02-22 02:30:01,0.125,0.475,positive
pink,You guys. The alo fairies 🧚 were looking out for me. 🥹,80,9,2025-02-19 00:16:29,0.0,0.0,neutral
pink,Alo Sweet Pink,1,0,2025-02-18 03:34:56,0.125,0.475,positive
pink,Ballet pink restocked!,1,0,2025-02-13 18:11:55,-0.125,0.3,negative
pink,Size L or M,1,0,2025-02-13 04:51:04,0.0,0.0,neutral
pink,If anyone is looking for the sweet pink scholar knit shorts in size M! Or the pink accolade hoodie in a L or the air lift intrigue bra in a M! My store has 1x of each left! I would be willing to help someone out if interested,1,0,2025-02-10 23:28:11,0.1,0.417,positive
pink,If anyone is looking for the sweet pink scholar knit shorts in size M! Or the pink accolade hoodie in a L or the air lift intrigue bra in a M! My store has 1x of each left! I would be willing to help someone out if interested,1,0,2025-02-10 23:28:11,0.1,0.417,positive
pink,sweet pink fit 🩷,33,4,2025-02-09 23:49:52,0.217,0.45,positive
pink,Mushroom,1,0,2025-02-08 14:21:59,0.0,0.0,neutral
pink,Airlift set-cant pick color!,1,0,2025-02-07 18:07:27,0.0,0.0,neutral
pink,Heather Grey with Sweet Pink?,18,18,2025-02-06 16:41:15,0.067,0.35,positive
pink,sweet pink 🌸🩷,4,0,2025-02-05 21:39:34,0.125,0.475,positive
pink,sweet pink 🌸🩷,1,0,2025-02-05 21:39:34,0.125,0.475,positive
pink,Scooped a randomly restocked sweet pink accolade hoodie,14,7,2025-02-04 07:32:32,-0.083,0.483,negative
pink,Random. But Why not other pinks?,1,0,2025-02-04 02:26:49,-0.219,0.438,negative
pink,Does anyone know where these types of tops went and/or where to find similar?,1,0,2025-02-01 20:49:06,0.0,0.4,neutral
pink,I just got the sweet pink shorts!!,1,0,2025-01-31 02:12:40,0.097,0.475,positive
pink,Are Recovery Mode Sneakers true to size?,1,0,2025-01-31 00:27:28,0.35,0.65,positive
pink,Will they restock the sweet pink color?,1,0,2025-01-30 20:38:13,0.125,0.475,positive
red,Bold red and candy red,1,0,2025-05-08 03:30:24,0.111,0.222,positive
red,Candy red try on,1,0,2025-05-08 00:23:03,0.0,0.0,neutral
red,Candy red!,1,0,2025-05-07 19:02:18,0.0,0.0,neutral
red,Candy Red Haul,1,0,2025-05-06 23:14:55,0.0,0.0,neutral
red,ALO Candy Red = Lululemon Red Glow❤️,1,0,2025-05-06 21:37:20,0.0,0.0,neutral
red,Are they doing a re release of Macadamia,1,0,2025-05-06 13:42:36,0.0,0.0,neutral
red,Candy red 😍 with bold red&amp;red hot,1,0,2025-05-05 21:15:46,0.194,0.506,positive
red,Candy Red early access is out!❤️,1,0,2025-05-04 13:37:54,0.05,0.15,neutral
red,Candy red vs bold red(i think they look similar),1,0,2025-05-04 03:00:45,0.111,0.356,positive
red,The items i got from candy red vs bold red,1,0,2025-05-02 19:38:44,0.111,0.222,positive
red,The items i got from candy red vs bold red (i think they are a little bit similar thats why i just get 4 items from candy red) but i guess i need to get the candy red aspire tank too❤️ what do you think?,1,0,2025-05-02 19:37:31,0.021,0.224,neutral
red,Candy red,1,0,2025-05-02 19:36:09,0.0,0.0,neutral
red,Candy red on sale?,1,0,2025-05-02 05:34:08,0.0,0.0,neutral
red,I’ve placed so many orders since the sale began. What have I done lol. Now that candy red is out. I want to buy all of that too!,1,0,2025-05-01 22:40:19,0.433,0.4,positive
red,I’ve placed so many orders since the sale began. What have I done lol. Now that candy red is out. I want buy all of that too!,1,0,2025-05-01 22:39:28,0.433,0.4,positive
red,I’ve placed so many orders since the sale began. What have I done lol. Now that candy red is out. I want buy all of that too!,1,0,2025-05-01 22:39:28,0.433,0.4,positive
red,Soft terracotta,1,0,2025-05-01 22:27:11,0.1,0.35,positive
red,Upcoming Men’s drop?,1,0,2025-05-01 15:47:05,0.0,0.0,neutral
red,New colors coming out!,1,0,2025-05-01 10:07:22,0.17,0.455,positive
red,Orchid purple,1,0,2025-04-30 23:51:53,0.0,0.0,neutral
red,Guess what? Is not orchid purple.,1,0,2025-04-30 20:54:31,0.0,0.0,neutral
red,"Out of all the Alo shades, I think Red Hot Summer is still my favorite 😍",1,0,2025-04-26 18:31:01,0.25,0.617,positive
red,Sold a pair of airlift high waist line up leggings on Poshmark for $60 with no idea of the street value 🤣,1,0,2025-04-15 06:28:57,0.16,0.54,positive
red,I was 50/50 about Sky wash 😅,1,0,2025-03-20 21:16:47,0.0,0.0,neutral
red,Alo in red,1,0,2025-03-20 19:39:05,0.0,0.0,neutral
red,my free stuff is missing ):,1,0,2025-03-13 20:40:06,0.1,0.425,positive
red,denim knit shawl HELP?,1,0,2025-03-12 09:19:29,0.0,0.0,neutral
red,Past color relaunches?,1,0,2025-03-09 02:53:09,-0.25,0.25,negative
red,Social Selling: Social Listening – Alo Yoga’s Instagram Presence,1,0,2025-02-26 13:52:16,0.033,0.067,neutral
red,What top is this?,1,0,2025-02-25 19:53:10,0.5,0.5,positive
red,I bought a Alo Red accolade crew neck sweater,1,0,2025-02-05 17:19:50,0.0,0.0,neutral
red,Bold red Crew Neck,1,3,2025-01-23 17:22:50,0.167,0.333,positive
red,Anyone selling by any chance Red hot summer (this set) in M/S or M/M 🥹,4,1,2025-01-21 05:03:52,0.125,0.425,positive
red,Anyone selling by any chance Red hot summer (this set) in M/S or M/M 🥹,1,0,2025-01-21 05:03:52,0.125,0.425,positive
red,Will Red Hot Summer come back?,1,0,2025-01-17 21:22:06,0.083,0.283,positive
red,Sweet Pink haul ,1,0,2025-01-16 18:39:51,0.125,0.475,positive
red,Bold Red crewneck available in small and medium on revolve ,1,0,2025-01-16 06:23:16,0.121,0.367,positive
red,How employees are treated during California fire ,8,2,2025-01-09 15:11:10,0.0,0.0,neutral
red,I didn’t realize how much I would like Bold red!,1,0,2025-01-05 23:59:09,0.178,0.289,positive
red,Red Accolade pant restock?,1,0,2025-01-03 19:40:58,0.0,0.0,neutral
red,Alosoft Crop Finesse Long Sleeve,1,0,2025-01-01 02:19:10,-0.05,0.4,neutral
red,Loving bold red ❤️,1,0,2024-12-27 21:19:45,0.311,0.539,positive
red,Is Bold Red Gonna Restock or Is it Completely Gone?,1,0,2024-12-25 16:57:32,0.144,0.356,positive
red,"I caved, Bold Red ",1,0,2024-12-19 14:02:25,0.167,0.333,positive
red,Bold red ❤️,1,0,2024-12-18 19:58:05,0.167,0.333,positive
red,Special Offer for Friends,1,0,2024-12-17 03:56:51,0.357,0.571,positive
red,Color comparison - dark red (lulu) to bold red (alo) ,1,0,2024-12-13 22:17:55,0.046,0.267,neutral
red,Bold Red,1,0,2024-12-13 14:04:48,0.167,0.333,positive
red,New color drops not selling out,1,0,2024-12-13 11:44:07,0.136,0.455,positive
red,"Bold Red, Classic Red, Red Hot Summer … not much of a difference ",1,0,2024-12-12 17:20:00,0.093,0.269,positive
red,Bold red vs Classic red,1,0,2024-12-12 02:26:54,0.125,0.208,positive
red,Red comparison ,1,0,2024-12-12 02:00:24,0.0,0.0,neutral
red,Bold Red! ❤️,1,0,2024-12-11 20:03:00,0.167,0.333,positive
red,Bold Red ♥️🎉,1,0,2024-12-11 17:06:09,0.167,0.333,positive
red,bold red haul ❤️♥️🎅🏻🤍,1,0,2024-12-11 16:00:31,0.167,0.333,positive
red,Bold red early access ❤️,1,0,2024-12-11 10:02:18,0.144,0.322,positive
red,Bold red early access ❤️,4,0,2024-12-11 10:02:18,0.144,0.322,positive
red,Anthracite 🩶,6,5,2024-12-11 02:24:03,0.0,0.0,neutral
red,Bold red is here,11,11,2024-12-11 01:38:18,0.167,0.333,positive
red,Where are the Bold Red pics y’all?? 🤭,1,0,2024-12-09 21:05:53,0.167,0.333,positive
red,"Despite the red flags, what's the appeal?",1,0,2024-12-04 07:31:16,0.0,0.0,neutral
red,White marks on Leggings ,0,23,2024-10-14 13:57:22,0.0,0.0,neutral
red,✨one more week✨ (hopefully) ,1,0,2024-07-21 07:39:29,0.5,0.5,positive
red,Love all my new bits ,1,0,2024-07-20 17:00:33,0.318,0.527,positive
red,Restock ,2,9,2024-07-10 18:01:14,0.0,0.0,neutral
red,red hot summer accolade ,0,2,2024-07-10 03:38:40,0.125,0.425,positive
red,Red hot summer ribbed shorts _ last season,9,4,2024-07-06 03:27:25,0.083,0.306,positive
red,Still in my liliac era…next color?,1,0,2024-06-24 22:43:58,0.0,0.0,neutral
red,Obsessed 😍 Alosoft CareFree 1/2 Zip Dress in Red Hot Summer,1,0,2024-06-12 02:28:11,-0.083,0.617,negative
red,Red Hot Summer 🔥 vs White ☁️,1,0,2024-06-11 13:44:31,0.083,0.283,positive
red,Red Hot 🔥 vs White ☁️,1,0,2024-06-11 13:42:18,0.083,0.283,positive
red,Red Hot 🔥 vs White ☁️,1,0,2024-06-11 13:42:18,0.083,0.283,positive
red,Red hot summer is gorgeous ❤️,1,0,2024-06-11 02:31:11,0.317,0.583,positive
red,The Red Hot Summer Aspire Tank matches my Matchpoint skirt perfectly from 2 years ago 🥰 My socks from 2 years ago are oddly darker…not sure about this years version. The scrunchie is Carnation Red from lululemon and also a great match 👌🏻,1,0,2024-06-10 18:11:05,0.34,0.534,positive
red,So cute! Now what color are we getting? ,1,0,2024-06-09 16:57:36,0.625,1.0,positive
red,Color drops in store ,4,2,2024-06-05 16:55:41,0.0,0.0,neutral
red,Blue splash and red hot summer,1,0,2024-06-04 23:07:03,0.083,0.317,positive
red,Coming Soon - New (and red hot summer) items,1,0,2024-06-04 21:59:54,0.129,0.435,positive
red,I’m so slow with the drops ❣️,1,0,2024-06-04 17:01:09,-0.3,0.4,negative
red,"This years colors haven’t been too exciting for me when I look back at all the gorgeous colors I have gotten in past years 😍 From left to right: Florescent Pink Coral, Green Glow, Red Hot Summer, Pink Fuschia, Pink Lavender, Violet Skies, Bright Aqua",1,0,2024-06-04 13:40:26,0.114,0.41,positive
red,Red Hot Summer! What do we think?,1,0,2024-06-02 18:55:08,0.156,0.425,positive
red,Just got an alert that Red Hit Summer Airlift leggings are “back in stock”. When I click on the alert it says Early Access. Possibly next color drop 👀👀,1,0,2024-05-30 16:25:53,0.025,0.075,neutral
red,When do we think red hot summer will drop🤔,1,0,2024-05-11 03:56:20,0.125,0.425,positive
red,Alo sale haul arrived! :),1,0,2024-04-30 22:39:34,0.5,1.0,positive
red,Red Hot Summer ,1,0,2024-04-25 00:20:13,0.125,0.425,positive
red,Alo Classic Red,1,0,2024-03-28 02:55:03,0.083,0.083,positive
red,Purchased Accolade set and having regrets,23,30,2024-01-27 20:53:54,-0.1,0.2,negative
red,Lulu addict’s review of second Alo package,1,0,2023-11-09 15:42:53,0.0,0.0,neutral
red,My Halloween Workout Fit should be no surprise to those that know me well 😅Polka Dot Airlift Bra and 3” Shorts and Throwback Crew Socks in Red Hot Summer,1,0,2023-10-31 13:40:17,0.217,0.417,positive
red,Aces tennis skirt - classic red XS,23,5,2023-05-25 22:21:19,0.083,0.083,positive
red,Is this what Mars Clay looks like?,8,10,2023-05-04 01:48:00,0.0,0.0,neutral
red,Anyone have tips on washing Triumph Sweatshirt,5,4,2023-02-09 23:12:41,0.0,0.0,neutral
red,Classic Red ❤️,5,2,2023-02-07 14:05:05,0.083,0.083,positive
red,🔥🔥 Victory Red for Men 🔥🔥,7,0,2023-01-12 11:51:54,0.0,0.0,neutral
red,Birthday Workout Fit 🥰🥳 Wearing Airlift Bra and Match Point Tennis Skirt in Red Hot Summer,23,3,2022-07-20 04:09:40,0.217,0.417,positive
red,Wearing Red Hot Summer for the 4th of July 🇺🇸,23,7,2022-07-04 22:33:52,0.125,0.425,positive
red,🔥 Red Hot Summer 🔥,4,1,2022-06-14 16:55:37,0.125,0.425,positive
red,"A new bra style WITH actual bra sizing! I’ll be sitting out this red, but I’m curious about the fit in black!",12,2,2022-06-13 23:12:38,0.038,0.398,neutral
red,Once these only came in Black or Red. New Cherry Cola is amazing!,5,0,2021-01-25 02:18:05,0.144,0.558,positive
yellow,This year Colors so far,1,0,2025-03-18 04:44:20,0.1,1.0,positive
yellow,Grey sky wash ( unexpect buying),37,24,2025-03-12 20:15:27,-0.05,0.1,neutral
yellow,Warm butter heather 🧈,1,0,2025-03-07 22:41:54,0.6,0.6,positive
yellow,Alo socks real or fake ,1,0,2024-12-28 19:01:19,-0.75,1.0,negative
yellow,Yellow Yoga Blocks as Promised,1,0,2024-12-24 05:17:36,0.0,0.0,neutral
yellow,No allaccess rewards?,6,3,2024-12-20 08:57:56,0.0,0.0,neutral
yellow,A Rant: Alo Access Rewards,4,2,2024-12-18 09:39:08,0.0,0.0,neutral
yellow,alo pls see this and pls update the alo access rewards ,1,0,2024-12-16 17:55:18,0.0,0.0,neutral
yellow,Reward point gifts,1,0,2024-12-15 01:24:28,0.0,0.0,neutral
yellow,Tiebreaker Jacket in Yellow Ice,1,0,2024-08-25 01:19:53,0.0,0.0,neutral
yellow,What’s everyone’s fav colour drop from alo?,9,26,2024-08-25 00:59:39,0.0,0.0,neutral
yellow,Lemon ice is not for me 🍋😕,53,30,2024-08-15 17:00:41,0.0,0.0,neutral
yellow,Unpopular opinion,1,0,2024-08-12 14:04:15,0.0,0.0,neutral
yellow,What new colors are coming ,1,0,2024-08-11 02:16:22,0.136,0.455,positive
yellow,💛 🧊 ,1,0,2024-08-09 22:49:52,0.0,0.0,neutral
yellow,Any other blondes here getting Lemon Ice 🍋,1,0,2024-08-09 05:58:12,-0.125,0.375,negative
yellow,Sweet Escape Zip Up Hoodie is a NO for me ,9,13,2024-08-05 23:43:02,0.35,0.65,positive
yellow,New yellow sneak peakon the Honey Studio App today! 💛 ,18,7,2024-08-05 19:57:27,0.068,0.227,positive
yellow,New yellow sneak peakon the Honey Studio App today! 💛 ,1,0,2024-08-05 19:57:27,0.068,0.227,positive
yellow,New Yellow ,1,0,2024-08-03 18:08:36,0.068,0.227,positive
yellow,Yellow??,1,0,2024-08-02 16:44:08,0.0,0.0,neutral
yellow,What color is the yellow? ,1,0,2024-08-02 01:36:52,0.0,0.0,neutral
yellow,Millenia Orlando Alo store,1,0,2024-08-01 20:45:46,0.0,0.0,neutral
yellow,I’m keeping the Freestyle skirt,1,0,2024-08-01 14:53:29,0.0,0.0,neutral
yellow,Another pic of the yellow!,1,0,2024-08-01 01:34:11,0.0,0.0,neutral
yellow,Butter Yellow or Steel Grey?,1,0,2024-07-31 23:46:15,-0.025,0.05,neutral
yellow,Influencer wearing the new lemon ice! ,1,0,2024-07-31 20:06:19,0.17,0.455,positive
yellow,Next color drops?,1,0,2024-07-29 16:18:35,0.0,0.0,neutral
yellow,Is this the new Yellow? ,1,0,2024-07-25 14:45:42,0.068,0.227,positive
yellow,It’s here!,1,0,2024-04-02 03:05:58,0.0,0.0,neutral
yellow,Ask for the freebies!,1,0,2024-02-18 05:13:40,0.0,0.0,neutral
yellow,rewards gifts,1,0,2024-02-14 04:00:24,0.0,0.0,neutral
purple,New colors coming out!,1,0,2025-05-01 10:07:22,0.17,0.455,positive
purple,Orchid purple,1,0,2025-04-30 23:51:53,0.0,0.0,neutral
purple,Guess what? Is not orchid purple.,1,0,2025-04-30 20:54:31,0.0,0.0,neutral
purple,Orchid Purple,1,0,2025-04-27 17:23:46,0.0,0.0,neutral
purple,"Huge haul, try-ons and detailed reviews!- addicted to heartthrob &amp; crystal clear blue",52,6,2025-04-25 17:18:13,0.12,0.547,positive
purple,Purple?,1,0,2025-04-22 20:52:27,0.0,0.0,neutral
purple,Alo yoga x purple pedal event 💜,1,0,2025-04-17 18:27:38,0.0,0.0,neutral
purple,Would this be the next purple drop?? Alo,1,0,2025-04-15 06:38:21,0.0,0.0,neutral
purple,Anyone know of a good solid grey airlift?,1,0,2025-04-09 01:44:32,0.217,0.267,positive
purple,upcoming drops,24,4,2025-04-08 21:16:02,0.0,0.0,neutral
purple,Airlift color comparison,1,0,2025-04-03 06:20:00,0.0,0.0,neutral
purple,Orchid purple?,1,0,2025-03-29 04:04:25,0.0,0.0,neutral
purple,Mushroom vs Smoky Quartz,1,0,2025-03-22 19:41:45,0.0,0.0,neutral
purple,Grey sky wash ( unexpect buying),37,24,2025-03-12 20:15:27,-0.05,0.1,neutral
purple,What colors do you wanna see come out ???,1,0,2025-03-11 14:07:02,0.0,0.0,neutral
purple,Battle of Pink 🎀,1,0,2025-01-17 03:28:25,-0.1,0.3,negative
purple,Upcoming Drops!! ,1,0,2025-01-10 13:42:51,0.0,0.0,neutral
purple,UPCOMING DROPS 🛍️💋,1,0,2025-01-06 15:13:32,0.0,0.0,neutral
purple,Burgundy truffle redefine set!💜 ,1,0,2024-11-21 00:03:27,0.0,0.0,neutral
purple,Raisinette ✭,1,0,2024-10-20 04:49:20,0.0,0.0,neutral
purple,Rainsette Onsie 😍,1,0,2024-08-31 01:07:56,0.0,0.0,neutral
purple,Raisinette - faulty colour??,1,0,2024-08-26 04:06:25,0.0,0.0,neutral
purple,Espresso color match? ,1,0,2024-06-10 06:52:52,0.0,0.0,neutral
purple,Blue lilac ootd,1,0,2024-03-25 16:56:33,0.0,0.1,neutral
purple,Can you dye an Alo Accolade crewneck?,1,0,2024-03-18 01:22:57,0.0,0.0,neutral
purple,Ok. Bluestone is gorgeous,1,0,2024-02-14 13:17:03,0.7,0.9,positive
purple,Color question-Purple dusk,1,0,2023-10-18 05:29:01,0.0,0.0,neutral
purple,Is clothing quality worth it?,1,0,2023-09-24 17:38:26,0.3,0.1,positive
purple,New color drop - Purple Dusk!!!,5,5,2021-02-16 00:08:37,0.266,0.455,positive
orange,upcoming drops,24,4,2025-04-08 21:16:02,0.0,0.0,neutral
orange,Dry shampoo,1,0,2025-03-13 17:49:04,-0.067,0.6,negative
orange,Grey sky wash ( unexpect buying),37,24,2025-03-12 20:15:27,-0.05,0.1,neutral
orange,Alo 2025,1,0,2025-01-04 21:56:59,0.0,0.0,neutral
orange,Alo outfit In Vegas,1,0,2023-09-30 04:12:22,0.0,0.0,neutral
orange,"A little pre-birthday shopping: Stride Shorts, Airlift Double Trouble Tennis Dress, Alosoft Showcase Dress in Candy Orange and White, Alosoft Molded Showcase Bra, 4” Alosoft Showcase Short",16,5,2023-07-09 21:56:29,-0.077,0.2,negative
orange,New Airlift Material,10,19,2023-06-27 23:14:34,0.136,0.455,positive
orange,🏝 Candy Orange 🏝,22,5,2023-06-27 12:27:21,0.0,0.0,neutral
